rider_id,user_id,rating,total_trips,created_at
1,1958,4.66,1,2020-09-13 01:52:12
2,373,3.76,2,2019-11-03 13:23:24
3,680,3.03,8,2020-01-23 08:54:39
4,1190,3.31,1,2019-11-06 23:53:19
5,1970,3.71,36,2023-09-17 01:02:59
6,619,3.44,9,2023-10-01 12:03:44
7,1617,4.36,15,2024-05-17 22:17:03
8,1817,4.92,2,2019-10-06 12:05:05
9,475,4.93,3,2023-03-12 16:22:52
10,679,4.33,3,2024-05-12 04:06:12
11,1127,3.87,1,2021-03-25 10:27:12
12,1500,4.07,12,2021-03-13 10:03:20
13,212,4.56,1,2023-01-26 13:47:03
14,421,3.4,25,2022-10-07 03:51:26
15,1409,4.51,1,2020-02-12 01:52:03
16,551,3.29,12,2020-11-04 05:38:50
17,455,4.96,3,2020-04-19 15:04:42
18,907,3.28,14,2020-05-16 09:47:55
19,1568,4.84,1,2023-04-29 09:56:25
20,309,3.03,11,2019-11-26 17:40:08
21,1056,4.51,17,2021-06-26 07:51:04
22,308,3.51,11,2020-04-23 08:44:09
23,310,3.69,2,2023-10-25 17:30:05
24,507,3.31,1,2024-05-15 11:46:12
25,610,4.72,1,2020-07-09 00:13:49
26,1697,4.47,12,2022-01-04 00:41:19
27,409,3.81,1,2022-03-17 09:09:59
28,1270,3.37,14,2024-04-03 20:22:53
29,1946,4.99,3,2021-11-14 16:20:50
30,1021,3.42,13,2019-06-03 04:44:26
31,391,4.8,5,2021-01-22 14:57:34
32,1062,4.67,4,2024-05-28 05:13:21
33,482,4.58,4,2023-01-27 13:03:16
34,851,4.73,1,2021-01-30 01:50:12
35,381,3.13,2,2019-12-23 11:39:43
36,1553,4.06,5,2021-04-23 16:41:05
37,1929,3.79,18,2023-03-08 21:29:56
38,417,3.55,16,2021-01-04 04:54:21
39,651,3.01,8,2021-09-06 11:08:23
40,1592,3.46,4,2023-10-03 09:53:47
41,627,4.9,3,2020-01-15 02:49:04
42,1923,4.31,1,2021-10-03 12:07:27
43,217,3.3,1,2019-08-11 21:06:20
44,1149,3.44,1,2022-04-12 07:01:49
45,1330,3.35,0,2019-06-28 02:58:40
46,913,4.02,1,2021-06-10 03:07:53
47,1290,4.33,18,2020-12-13 05:16:08
48,1694,4.14,7,2023-01-11 04:42:04
49,138,4.31,2,2022-04-14 14:55:10
50,1546,3.13,1,2021-05-10 03:20:47
51,108,4.58,1,2019-05-20 21:53:54
52,536,3.72,3,2021-02-20 03:45:37
53,1429,4.14,1,2020-06-25 11:15:02
54,1164,4.87,16,2019-07-29 01:42:50
55,1257,3.74,19,2022-08-23 02:52:15
56,1066,4.95,1,2021-04-11 14:46:56
57,1990,3.14,1,2023-10-26 04:54:10
58,1720,4.53,3,2021-11-29 05:50:27
59,73,3.66,1,2021-04-23 21:23:40
60,702,3.03,20,2019-10-11 17:36:34
61,872,4.15,6,2022-03-14 02:44:49
62,1269,4.18,4,2020-10-19 04:04:17
63,170,4.18,0,2022-11-01 18:30:16
64,1909,4.09,4,2022-01-16 11:58:29
65,622,4.61,4,2019-07-07 00:41:51
66,1549,3.95,10,2019-01-02 15:21:56
67,1186,4.62,89,2019-02-26 10:07:11
68,738,3.51,44,2022-09-12 05:53:06
69,1924,4.95,16,2019-02-16 07:41:26
70,902,3.14,1,2023-03-22 10:09:53
71,264,3.19,67,2019-10-07 00:22:31
72,1635,3.3,1,2019-08-16 17:01:05
73,756,4.88,22,2023-11-11 19:37:06
74,567,3.49,1,2022-08-28 22:51:37
75,359,4.81,1,2024-04-11 05:14:00
76,1784,3.81,14,2023-07-11 19:19:34
77,35,4.13,15,2022-11-11 05:28:37
78,820,3.81,1,2023-10-26 17:26:56
79,1122,4.91,25,2023-01-14 10:14:26
80,1118,3.43,6,2020-05-27 13:19:47
81,48,3.85,4,2023-02-12 08:09:56
82,1627,3.46,1,2024-02-14 04:03:26
83,1024,4.97,15,2020-07-29 22:30:31
84,1034,3.26,8,2022-04-24 20:01:30
85,1007,4.35,2,2019-03-29 23:34:15
86,1719,3.92,67,2021-11-19 14:32:15
87,616,4.39,3,2023-07-06 22:49:26
88,618,4.07,1,2023-01-16 06:04:26
89,1957,4.3,39,2022-07-30 00:03:35
90,1273,3.7,1,2024-06-03 08:10:18
91,972,4.87,4,2024-05-14 08:10:30
92,952,4.37,1,2021-08-17 07:21:54
93,22,3.41,1,2024-02-16 06:26:52
94,1351,3.18,3,2022-04-02 13:13:37
95,828,3.66,2,2020-08-08 06:20:25
96,561,3.06,5,2023-05-12 06:20:11
97,303,4.34,2,2023-12-02 11:05:22
98,499,4.27,1,2020-07-18 11:42:51
99,424,3.47,61,2020-03-25 15:58:45
100,546,3.09,1,2020-01-12 02:14:43
101,1078,4.17,4,2021-12-29 12:59:50
102,1364,4.68,22,2021-12-20 15:11:16
103,525,3.97,1,2022-03-20 19:51:30
104,1285,3.54,1,2021-05-28 14:13:22
105,654,4.13,1,2022-11-18 00:53:37
106,437,4.6,15,2021-06-01 15:27:54
107,773,3.96,1,2019-06-05 03:55:14
108,1613,3.0,4,2022-07-31 13:57:39
109,342,4.94,1,2022-12-13 10:16:20
110,1436,3.79,1,2021-08-18 14:38:26
111,1516,4.09,3,2022-09-14 07:13:16
112,1432,3.99,2,2021-07-14 01:23:33
113,751,4.14,3,2024-01-17 15:41:12
114,958,3.9,2,2021-08-19 14:42:00
115,1059,4.77,1,2019-10-04 14:19:32
116,1770,3.84,37,2020-09-17 10:29:05
117,317,3.77,3,2021-12-15 19:51:27
118,344,3.85,3,2019-04-15 22:25:32
119,901,3.51,12,2021-10-24 05:15:06
120,1681,3.07,18,2022-06-17 14:12:02
121,1665,3.49,6,2021-09-04 20:19:19
122,45,4.4,1,2023-01-01 01:06:36
123,1944,3.4,69,2024-01-04 12:49:50
124,1079,4.48,2,2021-04-26 07:35:12
125,74,4.13,39,2024-03-30 06:29:33
126,799,3.37,0,2022-12-13 20:24:08
127,1682,3.88,3,2019-12-08 11:28:49
128,1137,4.77,1,2023-10-23 17:42:50
129,294,4.3,9,2020-03-02 17:47:44
130,1888,4.14,3,2022-03-27 02:33:18
131,1169,3.45,2,2020-10-01 16:10:14
132,1679,3.1,0,2022-02-26 12:54:40
133,1791,4.19,4,2019-01-25 17:19:09
134,1753,3.36,2,2021-12-22 16:20:13
135,1057,3.22,1,2023-07-02 14:18:25
136,836,3.32,21,2022-07-08 18:41:37
137,1392,4.35,3,2022-08-18 07:06:00
138,644,3.6,5,2019-09-01 11:10:42
139,603,4.71,1,2024-03-22 21:14:13
140,1322,3.58,1,2023-06-18 15:03:56
141,1008,4.24,1,2023-10-05 14:08:15
142,613,4.68,21,2021-11-08 01:10:34
143,1857,4.22,2,2021-12-19 07:32:07
144,780,4.85,1,2022-07-10 02:09:47
145,1652,4.31,1,2021-02-09 13:14:25
146,1804,3.6,12,2021-10-23 12:58:28
147,1711,4.51,0,2021-06-26 17:01:11
148,266,4.49,1,2021-08-13 00:46:31
149,1171,4.42,33,2019-08-15 18:49:18
150,234,4.58,1,2021-08-06 16:44:02
151,1988,4.22,16,2022-05-13 20:15:09
152,1793,4.14,15,2024-02-18 22:46:35
153,960,4.18,2,2024-03-02 07:34:18
154,345,3.48,1,2021-03-14 01:34:06
155,1276,3.55,4,2022-11-01 20:49:30
156,68,3.57,5,2023-11-22 05:08:08
157,1488,4.76,2,2022-06-27 13:41:26
158,346,3.53,86,2023-06-22 16:19:09
159,1049,4.52,4,2023-10-11 01:49:46
160,183,3.34,2,2020-11-28 14:04:44
161,30,3.1,3,2021-10-16 15:28:17
162,1837,4.0,36,2020-02-03 15:01:02
163,181,4.21,55,2023-01-22 01:47:19
164,1819,4.45,2,2020-11-09 22:30:01
165,1058,4.98,1,2023-07-15 12:40:41
166,1247,4.29,49,2023-06-11 23:50:44
167,890,4.17,17,2021-04-17 15:29:01
168,53,3.2,2,2020-05-04 22:28:00
169,1714,3.21,1,2019-01-25 18:44:26
170,1806,5.0,4,2023-11-10 01:21:51
171,935,3.89,5,2019-07-10 03:41:47
172,579,4.38,2,2019-12-24 17:43:25
173,752,4.72,0,2019-05-15 16:32:21
174,1695,3.96,10,2021-07-25 06:55:29
175,517,4.8,2,2023-05-31 03:32:23
176,1656,3.7,1,2021-06-10 21:08:53
177,1641,4.26,20,2022-07-06 12:29:27
178,1593,3.74,29,2023-01-08 08:55:28
179,72,4.6,1,2020-02-14 20:02:53
180,1046,4.72,28,2020-01-26 09:57:33
181,219,3.07,4,2019-02-01 13:37:57
182,71,3.09,3,2021-05-14 03:26:50
183,135,4.13,2,2021-08-03 16:42:54
184,1610,3.76,2,2019-07-19 02:46:10
185,481,3.3,4,2024-03-13 02:52:12
186,915,3.45,4,2019-06-19 15:50:36
187,269,4.65,12,2020-03-15 10:10:06
188,684,4.79,3,2022-01-10 08:14:44
189,764,3.21,1,2019-12-23 16:00:52
190,548,3.41,4,2022-12-04 17:46:01
191,911,3.67,3,2022-05-07 12:10:01
192,672,4.73,2,2023-07-01 19:34:36
193,819,4.41,1,2022-05-01 16:17:02
194,1014,3.38,22,2023-12-15 07:11:02
195,78,3.67,18,2023-01-04 10:39:01
196,1090,4.93,1,2023-09-22 11:55:41
197,1480,4.88,22,2019-09-03 01:48:56
198,1918,4.85,3,2024-03-08 14:25:00
199,735,3.44,1,2019-08-02 16:55:53
200,573,3.52,3,2022-01-25 00:32:45
201,221,4.11,24,2020-08-10 16:14:16
202,649,3.52,0,2021-10-13 17:58:54
203,321,3.79,1,2020-11-18 12:22:28
204,1542,3.17,82,2020-11-23 06:50:00
205,1239,4.87,3,2023-09-08 01:24:36
206,1439,3.74,5,2020-09-27 23:48:15
207,1228,3.59,1,2020-07-24 07:45:39
208,1138,3.38,1,2022-06-19 17:37:26
209,944,3.32,1,2020-02-26 16:54:05
210,1368,3.07,3,2021-02-11 13:30:39
211,527,3.39,1,2022-11-22 11:06:40
212,415,3.59,10,2021-04-03 17:00:49
213,870,3.81,0,2019-12-01 20:45:58
214,529,3.04,0,2020-12-21 18:28:48
215,841,4.33,25,2023-12-06 06:35:35
216,152,3.83,4,2022-05-16 02:10:22
217,1676,4.56,11,2023-08-06 13:37:15
218,537,4.66,38,2019-04-12 12:01:02
219,1589,4.1,7,2021-09-01 22:04:11
220,1631,4.42,13,2020-03-13 15:54:04
221,943,4.14,2,2021-05-21 17:32:40
222,721,3.76,1,2023-12-15 23:19:17
223,855,4.92,4,2020-04-20 07:48:31
224,1434,4.77,1,2019-10-06 14:19:23
225,1521,4.29,0,2023-02-22 23:23:23
226,1692,3.88,1,2021-06-07 17:09:49
227,189,3.13,1,2021-03-29 15:40:59
228,1261,3.38,0,2019-04-27 15:10:33
229,1340,3.6,1,2021-09-16 15:50:15
230,565,3.12,12,2020-12-10 13:18:48
231,729,4.07,6,2022-02-13 00:37:23
232,1240,4.89,16,2020-05-22 13:42:53
233,578,3.32,1,2023-10-04 00:21:53
234,398,4.22,3,2021-05-20 22:59:18
235,606,3.84,1,2021-11-17 04:29:34
236,1789,3.36,1,2021-11-12 07:41:47
237,713,4.46,13,2020-05-10 11:55:06
238,1661,3.4,4,2020-02-19 16:44:03
239,1801,4.04,3,2020-04-21 08:13:09
240,1389,4.25,0,2020-12-27 07:23:14
241,670,3.02,1,2019-02-20 11:04:13
242,694,3.27,76,2022-05-31 17:03:30
243,1747,4.15,55,2019-12-01 22:40:56
244,1925,3.43,2,2019-01-31 22:43:58
245,781,3.46,22,2020-11-12 20:05:34
246,1902,3.39,1,2022-06-22 12:25:08
247,480,3.94,1,2019-07-30 09:37:47
248,1997,4.47,5,2020-01-17 16:47:15
249,355,4.34,3,2022-08-22 01:18:40
250,955,4.57,67,2022-02-08 15:17:35
251,1086,4.87,1,2019-02-03 06:18:34
252,827,3.88,1,2022-08-19 05:35:49
253,1851,3.28,1,2023-01-26 07:12:13
254,1611,4.22,7,2021-12-15 06:02:33
255,107,4.5,1,2021-09-06 06:10:23
256,1316,3.5,13,2019-06-26 01:17:19
257,737,3.35,1,2024-06-16 20:43:01
258,1942,3.74,3,2019-06-24 03:23:38
259,184,3.16,4,2020-06-21 14:54:48
260,642,4.82,1,2023-12-13 08:16:37
261,1726,4.11,13,2021-03-13 13:22:19
262,837,4.63,2,2020-06-14 02:53:43
263,1025,3.47,5,2020-11-04 12:38:52
264,1938,3.54,1,2020-02-14 12:27:54
265,1615,3.09,3,2023-08-06 07:01:15
266,487,3.59,64,2019-07-31 14:00:22
267,1223,4.89,9,2023-12-12 17:50:47
268,1469,4.62,1,2019-02-20 21:47:35
269,1852,3.18,87,2020-05-21 13:27:41
270,1522,4.92,1,2020-02-16 08:39:53
271,1982,3.59,4,2022-03-05 19:15:24
272,1809,3.12,13,2022-07-08 23:17:32
273,1294,4.83,9,2021-03-15 12:13:37
274,1156,4.32,5,2023-08-25 19:20:57
275,1234,3.93,5,2019-11-12 15:07:14
276,1579,4.66,57,2023-01-19 18:32:13
277,1307,4.28,5,2023-03-19 12:12:35
278,1951,3.64,3,2021-03-20 04:34:03
279,367,3.83,2,2024-04-17 09:56:45
280,1829,4.57,12,2024-02-10 08:56:42
281,1212,4.87,1,2020-07-22 04:16:39
282,1092,4.85,82,2019-06-05 11:43:59
283,245,3.77,1,2024-06-10 20:20:43
284,745,4.08,0,2023-07-26 20:25:09
285,767,4.74,2,2022-10-01 05:26:22
286,535,3.31,2,2022-12-28 15:10:29
287,637,4.26,1,2021-11-20 17:20:39
288,325,4.01,1,2019-07-19 02:49:23
289,1493,3.36,1,2021-09-10 19:43:27
290,1115,4.2,3,2023-12-23 07:47:11
291,835,4.56,1,2021-12-02 09:59:12
292,1664,3.77,48,2023-07-17 09:15:32
293,160,3.56,1,2021-03-02 09:28:59
294,23,4.83,15,2020-04-03 01:23:28
295,521,4.89,15,2023-02-17 07:06:07
296,862,3.5,27,2020-08-05 22:26:40
297,163,3.9,5,2019-08-26 02:01:18
298,769,4.59,77,2019-11-06 20:23:03
299,1354,3.26,6,2019-09-25 01:05:45
300,1754,4.96,1,2020-01-06 10:07:15
301,1075,4.06,78,2023-05-15 10:17:06
302,1728,3.08,2,2021-12-13 00:30:57
303,1110,4.97,47,2023-09-14 11:40:29
304,122,3.83,23,2024-03-23 05:22:52
305,1891,3.1,1,2019-08-18 16:54:43
306,772,3.91,5,2019-06-03 17:46:32
307,1977,4.73,10,2023-02-15 00:10:57
308,1073,3.58,1,2019-04-23 00:21:21
309,1908,4.6,4,2020-12-01 17:07:47
310,1922,4.2,6,2021-12-31 05:55:45
311,1618,3.21,6,2024-04-08 11:46:37
312,1642,4.23,3,2022-01-07 19:42:34
313,534,3.36,4,2021-09-16 01:06:30
314,251,4.47,3,2019-12-06 20:51:23
315,584,3.99,1,2020-06-20 10:43:23
316,966,3.35,1,2023-03-10 07:19:40
317,696,4.89,11,2021-03-01 18:55:15
318,1278,3.5,3,2023-09-29 06:24:43
319,159,3.91,5,2020-05-23 03:09:18
320,801,3.04,75,2021-06-17 16:53:30
321,856,3.3,19,2019-12-18 00:54:43
322,685,3.75,1,2022-03-16 22:31:14
323,1019,4.36,10,2021-03-20 21:11:37
324,1144,4.18,8,2022-04-03 09:16:39
325,1172,4.7,1,2020-08-20 15:13:30
326,1986,4.82,18,2019-01-05 16:25:26
327,1199,4.38,1,2020-08-30 09:41:12
328,708,3.4,22,2021-06-19 16:16:15
329,1204,3.59,1,2022-10-07 18:56:56
330,1905,4.75,5,2019-02-27 13:04:36
331,340,3.61,7,2023-05-31 03:00:14
332,1054,4.0,36,2024-02-05 17:06:19
333,1377,4.16,5,2021-10-24 02:50:50
334,175,3.02,13,2022-12-14 12:56:46
335,1266,3.04,16,2020-05-31 09:31:27
336,662,3.02,38,2022-03-08 13:42:16
337,1782,4.23,2,2022-03-18 22:10:00
338,739,4.53,4,2021-12-21 10:14:04
339,1264,3.14,4,2021-08-31 03:30:39
340,1163,3.38,32,2022-10-24 11:50:41
341,144,3.99,3,2024-04-22 10:24:11
342,730,4.4,14,2020-07-18 09:30:07
343,917,3.79,1,2024-05-25 19:44:31
344,1910,4.32,21,2020-05-11 23:21:25
345,1808,4.9,1,2024-02-01 02:10:39
346,784,4.48,12,2022-07-10 14:38:26
347,283,3.47,5,2020-07-28 17:35:43
348,1858,3.9,1,2023-03-28 06:10:40
349,1513,3.95,2,2020-06-13 17:07:47
350,106,3.32,2,2022-01-19 10:04:04
351,609,4.13,12,2019-02-24 11:38:36
352,1384,3.84,4,2022-05-25 18:59:49
353,297,3.7,4,2019-09-18 02:14:23
354,1083,3.28,1,2024-02-22 09:14:10
355,249,3.27,2,2022-02-20 02:05:31
356,829,4.15,1,2020-05-04 20:34:19
357,1629,3.3,15,2021-06-07 01:35:29
358,200,3.23,4,2021-09-29 05:19:55
359,896,4.85,0,2022-06-29 10:02:48
360,590,3.44,1,2020-04-16 02:42:26
361,505,4.18,2,2021-09-08 04:06:01
362,1571,4.51,71,2023-12-12 20:40:40
363,151,3.8,1,2022-09-16 06:26:12
364,999,3.49,1,2020-04-23 23:41:52
365,1792,4.29,15,2020-06-19 12:07:41
366,204,4.65,27,2021-07-10 16:29:46
367,568,4.33,9,2020-07-12 21:13:36
368,1963,3.09,38,2022-03-17 05:54:21
369,526,3.15,1,2021-03-16 08:01:11
370,281,4.25,1,2019-03-26 02:19:29
371,1180,4.29,24,2023-09-09 14:18:10
372,646,3.68,3,2020-08-27 09:20:21
373,880,3.41,1,2019-11-29 08:11:52
374,846,3.45,22,2023-07-31 11:17:09
375,671,4.52,5,2019-05-06 15:59:03
376,188,3.09,1,2023-11-19 00:50:03
377,378,4.07,4,2020-11-28 08:10:12
378,815,4.41,2,2020-05-02 21:17:52
379,1375,3.13,4,2024-06-18 18:17:46
380,975,3.17,5,2020-04-16 18:00:42
381,1464,3.19,22,2020-06-21 04:02:32
382,1824,4.56,1,2022-03-02 02:46:14
383,1895,4.5,4,2023-05-08 17:53:57
384,858,4.33,13,2019-12-16 23:59:44
385,1148,4.42,1,2023-07-31 12:31:35
386,95,3.31,3,2022-09-14 20:46:33
387,1757,4.09,3,2023-07-23 15:03:35
388,1734,4.0,1,2022-06-01 07:16:49
389,814,3.6,5,2019-01-27 05:02:28
390,253,3.21,4,2023-12-16 20:22:52
391,1065,3.22,2,2021-10-12 01:45:24
392,493,3.52,13,2023-07-28 03:03:02
393,809,3.12,3,2021-08-18 23:22:08
394,260,4.98,25,2020-02-19 23:20:39
395,712,4.67,12,2019-01-03 23:34:56
396,853,3.09,2,2022-04-21 07:17:44
397,967,3.36,43,2023-04-11 03:20:07
398,267,4.83,6,2023-03-27 16:44:51
399,1158,3.88,1,2023-06-18 07:23:44
400,1010,3.96,55,2021-09-01 13:33:18
401,326,4.04,1,2022-04-19 14:15:32
402,1616,4.28,0,2021-05-25 10:13:03
403,1541,4.89,1,2022-05-25 13:39:06
404,1751,4.5,3,2020-01-04 22:47:15
405,667,4.19,12,2020-02-06 17:23:40
406,133,3.44,2,2020-07-14 03:35:27
407,51,3.22,22,2020-03-13 18:57:46
408,370,4.43,2,2022-09-16 23:22:05
409,93,4.62,0,2020-07-10 06:36:48
410,714,3.15,25,2020-07-22 15:05:23
411,2000,3.03,9,2019-07-18 17:29:25
412,1600,3.09,1,2020-05-21 17:15:20
413,1807,4.22,1,2023-07-11 13:09:19
414,1453,3.43,73,2019-12-17 08:35:02
415,1032,3.56,4,2023-02-17 16:46:39
416,356,4.88,4,2023-11-01 19:23:36
417,1520,4.54,1,2019-12-14 17:06:38
418,1647,3.18,21,2024-03-25 17:31:31
419,1460,3.89,1,2022-06-16 04:17:25
420,927,4.18,1,2024-01-20 16:25:59
421,1626,4.95,5,2021-05-12 17:42:01
422,1318,4.15,11,2023-06-25 20:28:53
423,145,3.19,2,2020-05-14 20:21:14
424,1503,4.03,4,2020-09-10 18:37:53
425,892,3.22,0,2023-09-04 09:37:22
426,1690,3.04,13,2020-11-12 11:11:17
427,1465,4.75,2,2022-08-04 21:07:04
428,27,3.82,8,2020-06-06 05:48:39
429,1599,4.41,40,2019-07-13 19:59:00
430,1737,3.01,19,2020-09-03 03:38:48
431,1567,4.5,17,2023-08-03 08:45:02
432,305,3.67,23,2023-08-18 01:28:45
433,47,3.79,20,2019-10-27 09:12:34
434,718,3.01,1,2024-05-16 23:02:30
435,1856,3.09,1,2020-07-11 13:32:23
436,532,3.54,1,2023-07-03 23:24:38
437,1498,4.8,5,2023-09-05 06:32:35
438,1842,4.42,5,2022-01-08 19:27:06
439,1496,4.11,0,2020-05-17 19:34:37
440,1805,4.85,20,2024-03-28 16:08:49
441,100,3.34,1,2023-10-21 00:17:22
442,1454,4.53,5,2019-07-14 00:26:35
443,1769,3.12,1,2022-05-21 21:03:09
444,444,4.07,15,2022-09-04 18:50:09
445,1407,3.33,4,2022-11-22 01:22:07
446,1660,4.51,1,2021-01-28 06:51:06
447,1903,4.72,17,2020-07-04 21:13:18
448,1585,4.69,2,2020-10-04 12:48:21
449,354,4.76,1,2023-04-08 10:07:50
450,397,4.22,2,2022-04-12 06:51:43
451,1005,4.35,7,2020-09-25 07:54:24
452,380,3.43,1,2023-02-11 15:43:14
453,262,3.82,3,2019-09-16 19:25:53
454,1379,4.01,23,2024-05-26 21:00:45
455,300,3.23,5,2024-05-14 18:40:14
456,1202,4.93,10,2022-06-04 11:51:49
457,1194,3.35,3,2022-11-14 05:59:52
458,545,3.21,3,2022-09-10 13:22:13
459,154,4.1,6,2019-12-04 14:17:21
460,385,3.0,18,2019-08-20 02:35:30
461,1165,3.38,43,2023-04-21 14:16:31
462,466,4.58,17,2020-09-16 20:58:23
463,1383,4.8,4,2024-03-06 09:27:53
464,37,3.3,13,2023-08-07 11:23:33
465,1904,4.7,20,2020-11-26 08:09:59
466,443,3.7,2,2020-08-03 11:25:28
467,1251,3.92,1,2024-02-08 09:42:06
468,128,4.46,1,2019-07-16 16:02:28
469,261,4.06,1,2021-10-07 21:06:35
470,905,4.42,6,2019-03-03 11:15:55
471,990,3.81,3,2023-02-07 09:17:25
472,1636,3.99,3,2019-10-23 01:37:11
473,1028,4.3,77,2022-08-05 15:16:54
474,710,4.51,15,2022-02-24 06:39:11
475,274,4.65,15,2020-06-03 00:00:47
476,783,3.01,3,2023-07-31 05:03:32
477,1218,4.05,17,2021-04-07 16:18:05
478,629,3.49,2,2019-08-22 04:54:20
479,869,4.24,6,2022-12-22 04:40:17
480,939,4.21,2,2022-06-27 01:17:27
481,1586,3.23,7,2023-04-13 06:55:24
482,909,4.39,12,2021-12-30 16:37:11
483,127,4.94,16,2022-07-25 18:50:55
484,628,4.16,21,2023-07-15 17:19:52
485,1470,4.29,14,2023-08-08 21:12:34
486,1760,4.39,2,2021-12-23 05:40:47
487,67,4.32,13,2020-07-07 15:11:16
488,1063,4.47,68,2019-02-21 16:29:32
489,641,4.98,6,2020-04-13 03:09:50
490,648,4.4,4,2022-03-16 21:29:34
491,1744,3.74,3,2022-05-25 10:31:09
492,559,4.07,65,2020-06-14 16:53:03
493,774,4.22,1,2022-01-04 12:50:09
494,322,4.15,3,2019-10-20 16:07:12
495,845,3.28,1,2022-10-24 13:30:35
496,1229,3.41,1,2024-03-31 03:39:56
497,81,4.01,2,2023-10-23 23:03:51
498,1735,4.78,3,2020-05-19 21:26:55
499,1387,3.69,8,2020-11-25 10:32:18
500,1250,4.2,2,2022-09-13 23:31:55
501,92,4.26,3,2019-01-29 01:30:32
502,874,4.53,1,2021-07-14 10:09:53
503,1365,4.77,3,2023-12-05 22:05:35
504,1263,4.72,17,2019-03-11 19:50:36
505,681,3.89,1,2024-05-03 06:27:09
506,760,3.95,9,2024-04-02 00:23:48
507,635,3.82,4,2024-01-08 21:23:52
508,137,4.98,4,2021-08-04 02:07:13
509,410,3.13,10,2022-09-22 10:09:32
510,25,4.15,4,2022-05-16 10:32:26
511,1064,3.97,46,2023-10-14 10:15:28
512,1255,3.01,24,2024-01-24 11:57:53
513,1715,3.91,15,2023-03-28 07:50:50
514,1067,3.51,52,2021-12-29 10:47:49
515,1625,4.37,2,2023-11-09 23:14:55
516,1259,3.57,1,2021-05-06 21:06:34
517,1950,3.15,11,2023-05-01 14:11:09
518,1006,3.39,49,2024-03-04 19:20:42
519,148,4.6,3,2021-07-28 02:48:31
520,1359,3.23,14,2022-12-06 12:26:53
521,1272,3.49,0,2022-11-24 23:58:30
522,1777,4.04,3,2024-05-11 01:46:24
523,1262,3.69,0,2022-05-23 14:50:24
524,1885,4.47,1,2023-07-25 15:28:43
525,984,4.62,3,2019-11-28 20:54:55
526,1768,4.99,3,2021-06-29 05:13:29
527,1412,4.55,1,2023-07-17 03:52:09
528,992,3.06,1,2021-06-20 01:08:32
529,208,3.63,1,2024-02-23 10:42:06
530,1076,3.33,37,2024-06-11 10:35:05
531,1934,4.03,3,2022-05-10 15:56:19
532,169,4.75,34,2021-10-11 22:03:28
533,1785,4.93,1,2020-01-03 10:40:08
534,1260,4.67,5,2019-04-08 13:16:54
535,1193,3.33,3,2020-03-09 12:55:48
536,1674,4.92,14,2019-05-02 10:21:11
537,1015,3.79,0,2021-06-19 14:52:08
538,216,4.11,1,2019-07-10 03:53:29
539,912,3.04,1,2023-08-19 06:44:13
540,1872,3.36,1,2023-07-20 01:44:36
541,1882,4.67,1,2022-01-19 00:51:43
542,1296,4.04,60,2020-11-18 23:43:41
543,1976,3.0,61,2023-08-04 13:16:46
544,1182,4.15,11,2020-08-13 03:59:18
545,403,4.75,1,2019-05-08 20:17:33
546,426,3.66,1,2021-08-05 23:29:26
547,1447,4.33,12,2023-08-08 09:13:42
548,1936,4.1,35,2024-04-06 17:07:34
549,1344,4.19,1,2023-01-11 19:37:55
550,624,3.52,1,2019-11-26 06:54:42
551,1820,4.11,1,2022-07-16 10:45:49
552,1514,4.97,0,2021-01-04 23:22:17
553,492,3.03,2,2022-10-21 00:33:56
554,83,4.58,6,2019-02-09 12:52:19
555,998,3.09,2,2020-10-23 07:32:58
556,688,3.09,1,2021-12-07 14:36:30
557,906,4.44,0,2022-06-07 00:00:31
558,1531,3.2,1,2024-01-28 01:48:23
559,1038,3.71,17,2020-09-23 15:34:35
560,1061,3.03,2,2022-01-15 12:23:21
561,910,3.77,16,2019-10-29 15:39:35
562,669,4.12,3,2023-10-23 10:18:11
563,500,3.38,1,2022-09-23 16:08:46
564,946,4.96,3,2021-07-03 00:22:29
565,785,3.86,1,2023-11-05 07:40:20
566,1646,3.1,5,2023-01-30 20:23:09
567,788,4.83,5,2019-03-02 14:26:54
568,1000,4.31,15,2023-07-08 04:46:13
569,101,3.94,38,2022-07-11 15:17:16
570,1390,4.76,4,2019-04-19 11:47:04
571,750,3.06,14,2024-05-14 12:30:50
572,1896,4.5,9,2022-08-21 21:37:16
573,1341,3.74,5,2020-01-17 18:14:33
574,1733,3.1,14,2021-04-23 03:48:25
575,277,4.84,4,2021-07-30 10:31:03
576,574,4.9,8,2021-02-22 03:19:44
577,1213,3.26,17,2024-01-24 13:13:58
578,150,4.88,2,2022-05-07 05:37:55
579,1475,3.97,2,2021-12-01 11:45:54
580,569,4.91,4,2023-10-02 14:10:49
581,1911,4.8,3,2022-05-30 10:58:44
582,1039,4.64,1,2022-03-08 16:15:24
583,1071,3.33,15,2019-04-30 23:40:06
584,1680,3.76,4,2020-01-27 14:40:20
585,634,3.23,3,2021-12-05 08:53:22
586,674,4.22,1,2022-09-17 04:31:53
587,166,4.74,1,2020-03-01 10:01:06
588,678,3.63,5,2022-08-14 21:21:29
589,460,4.54,1,2020-07-26 09:41:29
590,84,4.88,1,2020-07-15 17:25:41
591,791,3.25,1,2019-01-25 14:08:25
592,1712,3.66,5,2020-10-31 09:28:41
593,1102,4.86,1,2021-07-05 04:58:51
594,566,3.88,2,2019-04-02 08:11:25
595,250,3.52,84,2021-08-12 18:11:09
596,241,3.96,1,2022-04-22 22:51:10
597,1277,3.61,0,2021-06-15 13:36:52
598,1203,4.37,14,2021-10-08 20:29:00
599,296,3.74,1,2020-11-23 07:57:20
600,1338,4.2,85,2021-10-10 15:31:44
601,1823,3.34,2,2020-12-21 01:17:51
602,114,4.07,3,2021-08-29 00:39:29
603,153,3.01,7,2019-09-12 06:06:33
604,1418,4.94,2,2021-06-12 03:18:22
605,3,3.67,30,2021-12-16 06:15:12
606,982,3.44,11,2020-05-31 10:34:12
607,1878,4.4,2,2024-01-26 11:54:50
608,1022,3.11,3,2021-02-13 00:59:24
609,1129,3.79,3,2020-07-28 06:17:12
610,863,4.89,34,2019-07-31 05:39:41
611,96,4.86,11,2023-01-07 09:20:49
612,1271,3.47,8,2024-06-11 16:45:24
613,673,3.29,20,2022-12-10 11:13:40
614,1050,3.99,1,2022-08-15 06:56:16
615,1457,4.54,3,2023-07-24 12:24:12
616,1998,4.29,50,2021-02-04 11:28:54
617,1280,4.23,2,2023-09-23 10:52:50
618,1537,3.64,13,2021-09-25 00:33:49
619,1742,4.11,2,2020-06-15 04:23:13
620,552,3.36,52,2021-08-06 10:52:03
621,311,3.34,1,2021-12-11 20:09:38
622,1912,3.28,20,2021-08-29 07:13:10
623,1915,3.2,12,2019-12-26 07:56:53
624,520,4.95,1,2021-10-15 02:28:01
625,1659,3.98,3,2024-03-25 13:49:48
626,404,3.17,5,2019-07-26 19:04:54
627,557,3.11,1,2019-06-12 06:12:39
628,1639,4.06,14,2024-06-01 06:11:04
629,1484,3.09,4,2021-08-16 12:27:28
630,228,4.2,2,2021-03-13 14:12:33
631,1327,3.9,16,2021-08-12 14:41:29
632,1650,3.54,1,2020-12-16 13:59:03
633,1070,4.53,1,2024-06-07 03:35:53
634,418,3.43,7,2020-03-14 12:36:50
635,589,3.6,10,2023-07-02 07:27:41
636,701,4.46,55,2021-07-08 00:11:34
637,823,3.22,59,2022-12-04 00:51:11
638,722,3.24,1,2023-12-09 19:15:15
639,803,3.6,1,2023-11-10 06:31:05
640,596,3.92,5,2021-03-18 15:50:02
641,1298,3.58,45,2024-02-17 13:31:00
642,1305,3.41,5,2021-11-01 17:52:19
643,10,3.46,2,2023-05-06 05:00:08
644,956,4.07,1,2020-11-21 11:49:42
645,180,3.39,14,2023-07-05 04:33:52
646,289,3.44,87,2019-09-16 07:48:23
647,1178,4.75,1,2019-08-02 06:44:29
648,887,4.38,6,2021-01-14 13:17:43
649,504,4.65,2,2023-06-08 04:55:35
650,110,4.84,68,2020-07-20 03:17:40
651,1539,3.85,0,2019-04-27 07:19:24
652,1787,4.03,1,2023-04-22 04:09:09
653,20,4.07,9,2020-06-27 23:06:10
654,1689,4.62,2,2023-09-26 23:14:22
655,1612,3.14,30,2020-06-24 20:57:49
656,1868,3.96,4,2023-01-16 10:48:37
657,541,3.39,76,2021-06-05 05:06:41
658,715,4.65,4,2022-09-12 20:39:37
659,1907,3.37,42,2019-07-14 11:24:44
660,816,3.63,1,2020-01-15 17:54:56
661,1645,3.89,4,2021-08-07 20:50:55
662,316,3.82,3,2020-10-22 20:34:30
663,1347,4.85,13,2020-12-04 11:33:39
664,1510,3.97,2,2023-05-10 06:53:23
665,555,3.1,13,2023-05-10 08:50:31
666,824,4.13,1,2019-11-30 14:49:41
667,1603,3.71,1,2023-01-26 05:34:03
668,733,3.38,7,2021-05-17 11:52:40
669,981,4.74,0,2023-03-23 18:29:50
670,21,3.18,22,2023-01-28 19:03:25
671,1624,3.89,2,2022-03-23 04:49:26
672,1123,4.87,23,2024-01-15 19:14:46
673,1185,4.62,3,2024-01-04 11:51:46
674,1978,4.86,1,2021-08-22 08:28:41
675,962,3.45,1,2022-05-15 11:54:37
676,1440,3.27,1,2024-02-22 10:20:02
677,198,4.15,1,2022-03-14 09:51:21
678,1866,4.26,1,2022-08-28 23:59:26
679,1849,3.52,3,2021-11-26 20:44:03
680,247,3.11,0,2023-12-31 10:18:06
681,1321,4.15,3,2019-04-01 01:53:07
682,1523,4.38,1,2019-12-15 11:40:07
683,749,3.1,10,2024-01-25 09:28:04
684,859,4.11,2,2023-01-30 08:19:15
685,333,3.46,1,2019-02-22 16:46:14
686,1576,4.06,8,2020-12-27 20:45:57
687,1848,4.67,39,2021-11-23 12:37:14
688,1396,3.33,1,2019-09-22 00:53:40
689,372,4.08,87,2022-06-26 13:53:47
690,1449,4.33,1,2021-06-21 13:56:56
691,516,4.81,0,2020-06-12 19:07:12
692,172,4.3,51,2022-04-26 06:15:02
693,1960,3.55,0,2023-05-18 19:20:26
694,405,4.55,7,2021-07-13 10:15:00
695,497,4.24,0,2024-03-25 23:06:14
696,278,4.45,19,2023-12-16 19:37:13
697,1147,3.74,1,2020-06-14 08:03:29
698,1743,4.12,1,2022-02-26 10:56:13
699,1485,4.65,75,2023-03-04 05:47:57
700,1458,3.66,4,2023-11-10 01:56:23
701,1325,3.7,1,2023-06-04 06:30:03
702,214,3.25,10,2023-05-30 08:11:53
703,1116,4.48,0,2024-01-15 07:45:20
704,12,3.1,63,2020-03-21 17:05:42
705,422,3.14,4,2023-12-19 19:48:15
706,1346,3.93,1,2023-08-02 00:49:10
707,209,4.22,1,2024-05-15 01:41:21
708,495,4.68,14,2020-03-03 16:35:55
709,1850,3.6,5,2023-08-07 02:43:00
710,636,3.38,3,2024-03-05 08:16:05
711,1634,4.81,0,2022-11-04 20:37:02
712,1767,4.8,16,2022-12-06 18:19:16
713,28,3.03,0,2021-10-16 13:50:43
714,1716,4.5,2,2023-07-02 22:06:50
715,490,3.6,5,2021-03-27 03:44:40
716,746,4.85,5,2019-11-04 05:08:28
717,1275,4.58,0,2020-10-02 08:43:35
718,375,3.85,4,2020-05-11 17:12:57
719,933,4.05,3,2022-04-30 11:22:24
720,1994,4.96,11,2019-11-22 15:17:10
721,1604,3.17,18,2020-11-07 04:15:03
722,1345,4.28,1,2020-10-14 04:46:22
723,167,4.06,18,2021-11-27 16:24:58
724,871,4.5,8,2023-07-25 11:05:53
725,888,3.23,3,2019-09-12 12:06:07
726,352,4.16,2,2024-03-09 10:35:55
727,650,4.97,3,2023-03-08 14:37:27
728,623,4.67,17,2019-09-05 21:18:11
729,1246,3.55,3,2021-11-11 15:41:07
730,889,4.15,1,2019-03-12 09:56:39
731,1505,4.48,2,2024-04-01 13:24:17
732,1297,4.31,4,2023-11-15 19:26:13
733,621,4.26,2,2020-06-02 14:45:08
734,1560,4.67,0,2022-10-15 11:35:36
735,1565,3.94,3,2019-05-27 00:07:56
736,1921,3.74,4,2020-04-04 05:17:08
737,704,4.12,55,2022-08-14 03:06:24
738,91,4.85,1,2023-12-24 03:45:28
739,1431,3.42,88,2022-03-06 22:46:00
740,1211,3.18,9,2021-08-30 17:00:32
741,1152,4.49,1,2023-07-31 22:33:55
742,1953,4.5,0,2022-12-14 17:00:38
743,523,4.92,30,2019-02-06 22:29:17
744,1906,4.54,2,2021-09-16 06:53:08
745,1836,3.39,1,2022-05-10 20:48:39
746,19,3.04,0,2020-01-13 14:31:14
747,1788,3.24,1,2021-01-19 04:02:21
748,731,4.57,1,2019-09-05 23:49:38
749,632,3.02,1,2023-07-13 20:23:15
750,1731,3.25,1,2023-11-17 19:39:03
751,1068,4.97,2,2021-08-12 23:26:59
752,1155,3.27,8,2021-09-06 03:13:17
753,1954,3.7,1,2021-01-26 01:26:23
754,1124,4.45,1,2019-05-12 07:19:23
755,474,4.15,1,2023-07-09 03:05:14
756,1029,3.66,1,2023-07-21 05:20:53
757,195,4.6,7,2023-04-10 13:20:38
758,442,4.43,19,2019-05-13 17:10:22
759,727,3.57,1,2019-07-09 12:13:53
760,1399,4.76,1,2021-07-19 00:10:26
761,1491,3.42,53,2022-12-03 09:31:30
762,1662,3.41,32,2019-08-05 11:37:38
763,451,4.81,73,2023-07-08 12:58:58
764,468,3.99,4,2022-03-23 20:50:12
765,1811,4.52,1,2020-03-10 12:47:04
766,1504,4.83,21,2019-09-03 00:40:02
767,793,3.43,1,2021-12-19 07:23:15
768,792,4.02,1,2024-02-06 20:12:45
769,432,3.8,3,2021-02-01 06:19:33
770,838,3.42,5,2021-01-21 20:25:01
771,290,4.6,5,2019-07-07 12:17:37
772,1943,4.41,10,2024-04-30 21:01:07
773,790,3.67,0,2021-09-26 15:56:58
774,804,4.95,9,2022-08-29 14:10:18
775,388,3.18,4,2024-05-20 06:08:28
776,700,4.91,1,2022-10-31 05:28:52
777,1845,4.33,1,2019-09-25 00:45:48
778,80,4.3,0,2022-04-13 17:52:03
779,371,4.64,13,2021-01-13 19:36:47
780,1490,4.17,1,2023-11-01 00:35:35
781,1085,3.37,3,2021-12-13 05:07:11
782,1759,4.58,3,2019-12-26 10:29:02
783,1949,3.2,17,2021-06-20 13:11:20
784,58,3.49,1,2024-03-20 21:43:26
785,562,3.09,5,2020-02-21 09:32:52
786,1291,4.68,1,2021-01-15 14:31:06
787,1037,3.94,5,2020-07-18 13:20:12
788,1405,3.91,1,2020-05-07 03:45:10
789,454,4.09,1,2022-08-03 13:29:33
790,363,4.99,1,2022-03-21 01:24:18
791,1583,3.82,46,2021-12-02 00:32:24
792,158,4.83,46,2021-07-05 11:41:45
793,1797,3.35,19,2019-09-13 09:47:00
794,882,3.76,76,2021-03-02 21:47:00
795,268,3.51,2,2022-07-04 16:30:21
796,1361,3.15,4,2019-11-22 17:40:07
797,918,4.25,1,2022-12-05 20:19:50
798,1729,4.92,0,2021-10-01 13:13:04
799,396,4.27,34,2020-09-28 02:21:01
800,282,3.67,4,2024-05-26 07:07:26
801,1766,4.84,8,2022-06-26 13:35:51
802,1928,4.66,17,2019-05-14 03:24:11
803,374,4.95,3,2020-01-22 14:53:54
804,1174,3.07,3,2023-10-07 12:46:15
805,1369,4.09,10,2020-02-25 13:50:17
806,61,3.98,1,2020-10-26 20:29:26
807,1326,3.02,1,2020-03-19 09:13:23
808,961,3.97,1,2020-10-09 21:10:12
809,1077,3.84,58,2023-05-01 18:00:09
810,1292,4.74,1,2021-03-29 00:51:23
811,1217,4.27,5,2021-04-20 16:31:04
812,826,3.91,1,2023-07-02 03:17:48
813,1916,4.51,15,2020-12-15 07:50:03
814,861,4.18,2,2020-10-18 20:12:56
815,757,4.85,6,2023-11-23 12:47:34
816,950,3.82,13,2019-05-20 12:15:19
817,904,3.84,17,2022-06-03 09:07:51
818,1550,3.52,1,2024-02-29 07:11:41
819,63,4.25,3,2019-01-12 03:58:18
820,1398,4.14,31,2020-06-21 21:44:53
821,763,4.01,4,2021-05-14 09:33:29
822,605,4.88,79,2023-05-01 20:47:25
823,171,3.91,14,2021-04-17 16:30:16
824,252,4.74,45,2021-12-25 07:00:12
825,1421,3.22,17,2021-01-06 17:39:20
826,580,4.66,1,2021-10-18 02:00:54
827,978,4.08,4,2022-11-10 12:25:20
828,1130,3.27,1,2023-03-06 08:37:47
829,638,3.25,11,2021-04-06 01:36:09
830,56,4.78,86,2019-03-08 02:13:43
831,1873,4.28,13,2022-08-12 20:44:37
832,1772,4.61,1,2023-10-06 16:56:48
833,41,4.97,88,2019-11-25 06:27:22
834,1884,4.52,1,2021-04-21 22:24:47
835,794,4.55,1,2019-04-20 02:20:54
836,812,3.41,3,2020-10-09 01:19:59
837,577,4.18,11,2023-06-13 00:38:16
838,343,4.8,1,2023-04-25 23:49:58
839,1224,3.99,1,2023-08-31 17:55:52
840,1048,3.94,2,2022-01-20 19:44:04
841,877,4.92,14,2020-11-22 02:40:43
842,1308,4.46,4,2020-10-28 06:28:50
843,1404,3.81,2,2023-01-15 10:50:13
844,453,3.9,4,2021-02-19 01:03:12
845,1304,3.19,0,2019-01-27 04:29:32
846,1818,4.21,1,2024-04-18 15:01:53
847,1799,4.83,4,2021-12-20 15:16:34
848,1466,3.39,3,2024-06-01 19:52:06
849,149,4.75,1,2019-03-14 01:19:30
850,414,3.37,8,2020-02-01 19:13:00
851,98,3.79,3,2021-12-19 07:31:35
852,1175,3.53,1,2020-06-02 09:53:23
853,1582,4.94,61,2021-03-24 21:36:23
854,1036,3.14,0,2020-06-13 08:52:38
855,1673,4.72,3,2020-12-23 19:10:33
856,550,4.79,1,2024-03-13 23:21:08
857,1487,3.07,18,2022-01-11 08:42:07
858,1897,3.9,1,2020-02-21 04:04:26
859,75,3.01,2,2021-05-18 08:55:01
860,465,3.13,2,2019-06-25 20:11:08
861,725,4.41,5,2023-03-18 03:04:43
862,1013,4.38,4,2021-04-25 10:05:46
863,1003,3.2,1,2020-10-30 06:22:59
864,1706,3.32,3,2022-02-27 09:01:12
865,1253,5.0,1,2021-01-16 06:27:45
866,242,4.68,56,2024-06-21 11:56:21
867,178,3.15,4,2024-04-14 13:45:38
868,1140,3.97,1,2024-03-29 05:39:26
869,102,3.62,1,2024-05-24 16:13:22
870,1633,4.85,10,2020-03-24 00:12:39
871,1103,4.5,19,2023-08-18 02:32:47
872,1112,4.9,1,2019-03-29 11:51:25
873,1132,4.17,4,2023-09-30 17:03:25
874,893,3.95,4,2022-04-25 23:41:59
875,353,4.97,3,2023-11-20 09:36:54
876,1045,3.81,76,2020-07-23 14:14:34
877,407,3.35,4,2019-08-31 17:41:31
878,1136,4.98,43,2021-07-16 13:18:02
879,1683,4.59,76,2020-07-30 09:32:08
880,797,3.58,2,2021-04-03 08:55:49
881,1219,4.66,9,2024-06-29 01:51:02
882,1191,4.35,11,2020-06-19 14:25:48
883,1846,3.84,66,2019-12-02 04:17:12
884,813,4.07,7,2024-04-16 01:00:58
885,223,3.1,3,2020-08-20 19:47:36
886,1208,3.61,19,2023-06-22 17:30:24
887,1357,3.86,14,2022-03-31 05:23:48
888,1121,3.43,18,2023-01-15 10:27:01
889,70,3.02,3,2023-08-24 20:17:38
890,1566,3.8,2,2020-06-11 15:49:55
891,873,3.11,4,2020-04-15 12:39:50
892,582,4.56,0,2019-04-09 18:59:44
893,1573,4.19,1,2021-01-04 14:40:09
894,383,3.78,3,2022-07-10 13:52:30
895,1705,4.44,42,2019-08-06 17:25:38
896,423,4.14,9,2020-09-02 19:06:07
897,1323,3.82,4,2023-08-17 05:18:42
898,26,4.17,2,2019-01-31 23:53:38
899,879,3.68,3,2023-01-18 05:55:37
900,771,4.21,11,2019-04-04 06:49:53
901,1637,3.12,4,2023-03-18 16:51:58
902,511,3.49,1,2021-11-02 06:25:19
903,1746,4.91,2,2023-10-16 10:43:13
904,1363,4.93,1,2019-03-22 18:27:59
905,604,4.6,1,2020-11-02 16:08:12
906,1133,4.23,79,2019-10-05 23:45:27
907,1572,3.38,1,2019-04-18 12:30:22
908,130,4.31,22,2020-06-17 08:17:00
909,1686,3.32,3,2019-12-06 03:20:30
910,134,3.41,0,2022-03-28 17:09:59
911,770,4.13,1,2023-05-02 09:21:36
912,852,3.95,13,2019-08-23 18:56:42
913,36,4.31,9,2023-03-20 19:40:40
914,934,3.29,18,2020-01-08 16:08:32
915,401,3.05,1,2021-02-27 19:05:56
916,894,3.63,5,2021-05-17 20:11:11
917,1864,4.49,40,2019-12-14 13:58:45
918,1913,5.0,1,2019-12-11 17:43:41
919,54,4.14,0,2023-08-27 23:01:52
920,1722,4.62,6,2019-08-01 12:28:21
921,419,3.95,1,2019-01-20 12:55:01
922,979,3.91,1,2021-08-09 22:20:13
923,428,3.49,2,2019-06-17 03:08:23
924,1188,4.97,46,2020-03-25 13:35:42
925,1620,4.65,2,2021-07-25 20:01:59
926,762,3.59,33,2020-02-14 07:35:29
927,1319,3.37,1,2020-03-24 02:10:21
928,1299,3.19,3,2022-05-19 09:41:11
929,931,3.03,5,2021-11-29 13:19:13
930,1265,3.36,5,2023-12-31 23:04:08
931,724,3.54,0,2019-09-13 15:24:11
932,270,3.28,2,2019-02-22 20:55:41
933,213,4.17,1,2021-08-05 21:13:37
934,1667,4.48,3,2022-10-17 21:57:25
935,476,4.6,2,2023-01-14 02:19:39
936,99,4.77,5,2022-03-13 15:44:18
937,459,4.23,9,2020-10-08 23:48:26
938,1778,4.35,4,2022-07-30 23:08:58
939,1961,4.28,18,2022-01-02 02:42:10
940,587,3.63,1,2020-11-28 23:03:57
941,1254,4.85,6,2023-01-01 05:57:20
942,518,3.82,13,2022-12-17 15:02:44
943,64,4.21,3,2021-07-21 09:40:12
944,900,4.44,1,2019-03-16 21:30:23
945,1632,4.94,14,2020-02-21 03:01:52
946,581,3.54,17,2021-12-07 17:04:05
947,1042,4.65,3,2022-01-20 15:42:46
948,583,4.17,14,2021-12-25 18:13:52
949,69,3.22,2,2019-04-26 03:02:59
950,429,3.26,20,2019-11-27 06:20:59
951,425,4.15,3,2019-12-10 03:00:40
952,60,3.64,1,2023-07-27 11:25:00
953,698,4.16,75,2019-10-10 11:23:49
954,1838,3.34,1,2022-08-28 13:12:37
955,1619,4.08,3,2022-06-11 01:25:00
956,1236,4.99,5,2021-06-06 03:05:24
957,386,4.47,1,2023-07-23 20:39:51
958,1945,4.77,1,2021-03-04 04:29:33
959,1342,3.96,4,2022-08-22 15:00:05
960,1160,4.58,2,2023-05-15 23:53:07
961,1578,4.35,2,2020-01-30 06:28:39
962,1468,3.43,4,2022-03-24 15:48:56
963,501,5.0,1,2019-01-31 01:10:05
964,298,4.0,62,2021-04-16 11:33:47
965,1020,3.62,0,2021-03-15 02:51:42
966,411,3.05,14,2020-12-17 19:49:31
967,237,3.88,2,2023-09-29 01:29:07
968,395,4.95,33,2023-10-21 00:16:51
969,706,3.22,20,2019-04-12 01:32:17
970,257,3.98,3,2024-04-09 09:01:05
971,653,4.69,0,2020-02-10 20:26:29
972,699,3.17,5,2021-07-23 11:26:59
973,1189,3.09,1,2022-06-08 03:21:48
974,387,4.14,2,2023-07-02 19:33:01
975,1142,4.87,76,2020-09-18 08:23:10
976,329,3.79,3,2024-04-26 19:46:43
977,1501,3.26,8,2020-09-05 05:45:22
978,287,4.57,1,2020-12-17 00:26:05
979,1750,3.56,5,2021-04-15 19:15:03
980,1557,4.02,2,2021-04-20 03:54:13
981,255,3.9,1,2019-05-02 09:28:16
982,586,4.01,17,2019-12-31 08:09:44
983,563,3.45,1,2023-06-28 18:25:57
984,1422,3.82,1,2021-05-02 06:51:37
985,49,3.86,9,2020-04-04 22:13:48
986,1802,4.43,3,2019-01-31 05:23:52
987,703,3.34,3,2020-06-01 07:07:05
988,1552,3.4,3,2023-03-08 13:25:17
989,1098,4.37,2,2020-04-06 00:20:32
990,531,4.73,4,2022-01-21 05:49:46
991,1669,4.81,23,2019-01-05 15:06:32
992,1964,4.76,50,2020-11-07 16:38:38
993,1703,3.0,13,2019-03-06 01:37:37
994,203,3.04,16,2023-06-01 11:13:56
995,1395,3.75,67,2021-06-25 06:02:35
996,1533,4.49,5,2022-06-07 00:41:02
997,1967,3.91,21,2024-01-19 16:44:20
998,312,3.22,4,2019-01-16 00:05:43
999,1051,3.01,3,2023-06-07 23:27:22
1000,1258,4.14,4,2023-11-01 02:42:13
1001,976,5.0,2,2020-01-12 22:07:54
1002,1370,3.5,24,2022-06-16 00:00:14
1003,337,4.6,9,2019-03-13 21:38:29
1004,575,4.16,1,2019-10-14 21:45:47
1005,471,3.77,13,2024-05-04 10:20:28
1006,1524,3.3,21,2020-12-31 10:05:56
1007,1009,3.28,16,2023-03-17 06:30:49
1008,1707,3.4,3,2022-11-20 01:28:28
1009,1333,4.48,1,2023-12-14 02:59:51
1010,1774,4.35,19,2023-11-29 04:53:22
1011,279,4.45,1,2024-04-03 08:42:41
1012,384,3.09,2,2019-01-28 16:06:28
1013,1143,4.08,48,2021-11-12 12:29:31
1014,1540,3.6,5,2019-09-13 09:18:46
1015,85,4.89,4,2023-08-29 08:59:51
1016,1528,3.85,1,2021-03-12 14:51:37
1017,876,3.78,5,2019-05-07 05:37:37
1018,291,3.1,54,2024-01-28 23:03:31
1019,528,4.63,1,2024-01-06 11:17:45
1020,1847,4.03,13,2020-11-11 18:37:43
1021,849,3.5,16,2020-01-04 21:56:53
1022,1551,4.78,3,2021-01-29 01:42:33
1023,989,4.91,12,2019-09-14 06:17:54
1024,899,4.86,1,2023-06-15 02:53:21
1025,399,4.76,4,2021-09-16 01:12:28
1026,1761,3.18,1,2024-02-20 23:07:39
1027,850,4.11,4,2022-02-21 14:58:15
1028,668,4.39,1,2021-10-21 10:09:32
1029,87,4.0,0,2023-11-17 06:39:57
1030,185,4.93,10,2021-08-18 04:08:03
1031,1473,3.3,4,2019-02-26 10:56:10
1032,220,3.38,67,2021-03-18 02:10:14
1033,798,4.61,2,2019-02-07 09:38:24
1034,1559,3.14,2,2020-09-24 02:34:37
1035,1834,3.65,12,2021-01-13 02:04:10
1036,1800,3.56,1,2022-07-01 07:01:01
1037,236,3.06,4,2021-09-26 08:05:05
1038,1303,3.75,3,2023-11-21 16:46:30
1039,301,4.21,7,2021-02-16 21:53:57
1040,1666,3.57,16,2021-04-29 05:34:34
1041,1614,4.73,7,2022-09-03 23:57:44
1042,666,3.88,1,2019-06-16 17:48:52
1043,347,3.19,1,2023-09-07 10:58:23
1044,881,3.28,1,2024-06-23 17:19:05
1045,1052,4.44,13,2020-03-08 17:24:21
1046,560,4.41,61,2023-08-02 20:20:06
1047,1055,4.82,4,2023-04-25 04:20:03
1048,1195,3.3,1,2020-03-04 01:04:56
1049,1441,4.31,1,2023-05-14 21:19:29
1050,592,3.89,0,2021-06-16 20:21:18
1051,753,4.94,2,2020-04-08 20:00:14
1052,839,4.92,0,2022-04-30 01:11:27
1053,802,3.28,1,2023-07-08 09:09:58
1054,1284,3.69,4,2019-08-06 13:39:02
1055,1588,3.99,4,2021-10-05 23:59:06
1056,663,4.81,3,2022-12-23 16:28:14
1057,1238,3.45,4,2022-01-18 20:31:04
1058,13,4.27,1,2020-08-21 13:16:41
1059,1489,3.82,12,2020-05-11 09:16:19
1060,805,4.9,3,2020-11-21 13:35:29
1061,1097,3.69,3,2022-11-12 21:02:24
1062,186,3.03,11,2021-07-04 11:23:09
1063,1179,3.17,2,2024-04-09 12:16:40
1064,1862,3.19,2,2023-10-06 21:38:49
1065,1337,4.9,2,2023-09-10 22:47:08
1066,524,4.4,1,2019-11-30 00:08:03
1067,1391,4.1,20,2022-07-24 18:30:48
1068,1433,4.88,24,2024-05-06 04:33:35
1069,1835,3.35,19,2024-05-16 03:31:57
1070,594,4.95,2,2021-12-10 20:01:06
1071,924,4.13,17,2021-06-10 06:10:54
1072,109,4.33,19,2022-05-20 05:55:05
1073,215,3.23,19,2019-04-09 12:15:23
1074,1815,3.12,4,2024-02-13 03:40:08
1075,486,3.35,4,2019-06-22 01:32:11
1076,808,3.53,3,2022-06-22 20:24:01
1077,231,3.05,3,2019-09-22 20:55:41
1078,285,3.26,1,2021-01-22 19:25:03
1079,1184,4.04,3,2022-11-24 19:55:32
1080,464,3.17,23,2019-10-06 18:50:01
1081,4,4.45,1,2020-06-30 03:11:02
1082,951,3.4,4,2020-01-31 01:09:36
1083,302,4.14,4,2024-05-02 11:26:51
1084,243,3.85,1,2021-12-26 01:05:05
1085,1358,3.18,11,2019-04-02 05:37:05
1086,897,4.31,4,2021-04-01 17:56:59
1087,157,4.89,9,2022-03-08 18:56:32
1088,173,3.02,1,2022-08-27 01:08:00
1089,1232,3.87,3,2021-10-07 01:23:04
1090,18,3.45,1,2021-03-14 06:47:45
1091,954,3.62,0,2019-05-23 22:16:09
1092,993,4.94,1,2021-08-07 00:51:37
1093,1525,4.31,10,2020-03-24 09:46:07
1094,1860,4.96,1,2022-07-25 16:03:52
1095,358,4.98,10,2024-05-23 19:26:32
1096,1463,3.6,19,2019-03-20 03:33:34
1097,625,3.21,13,2019-10-01 18:09:03
1098,1157,3.67,22,2019-01-22 06:17:39
1099,1816,3.73,17,2024-04-28 16:05:29
1100,416,4.97,1,2021-08-18 10:13:41
1101,479,3.98,2,2020-04-07 14:50:44
1102,1698,3.52,1,2021-12-22 13:11:13
1103,1740,4.12,13,2022-08-03 15:50:41
1104,1242,3.17,1,2022-06-27 07:18:43
1105,238,4.07,2,2020-05-21 23:43:26
1106,156,4.88,1,2019-11-12 12:37:21
1107,16,4.5,3,2020-01-28 03:27:58
1108,719,4.65,7,2020-07-23 09:48:59
1109,840,3.79,3,2019-01-12 18:51:09
1110,1442,4.02,1,2022-07-23 15:07:19
1111,1855,4.41,2,2022-04-18 16:38:23
1112,463,4.87,2,2022-05-28 08:16:53
1113,1201,4.91,5,2020-02-08 23:08:39
1114,716,3.55,2,2019-08-26 22:50:41
1115,357,4.91,2,2024-04-14 15:01:42
1116,556,4.76,7,2022-06-24 00:04:59
1117,445,4.7,1,2022-10-05 05:44:51
1118,1543,4.02,1,2021-04-17 12:02:10
1119,140,4.58,5,2021-06-30 17:21:10
1120,709,3.95,18,2019-09-08 03:58:35
1121,1047,4.32,1,2023-12-02 08:18:27
1122,1992,3.12,0,2020-10-07 06:44:56
1123,576,3.72,3,2019-04-24 09:35:41
1124,1018,3.83,3,2019-12-05 04:40:30
1125,1678,4.61,0,2021-07-31 08:17:18
1126,1696,4.0,2,2023-02-10 18:52:31
1127,46,4.99,2,2020-03-28 06:48:56
1128,1,3.25,66,2021-08-31 02:24:25
1129,1268,4.73,2,2020-10-12 19:34:49
1130,937,3.62,1,2021-08-12 13:22:03
1131,1536,4.45,4,2022-03-21 15:49:29
1132,369,4.1,4,2019-12-10 04:42:25
1133,9,3.3,1,2021-11-10 18:44:10
1134,330,4.58,11,2022-09-06 17:40:08
1135,1289,4.69,14,2024-02-22 10:20:10
1136,1113,4.48,84,2022-01-11 22:11:12
1137,1898,3.33,25,2021-03-08 18:44:55
1138,1930,4.15,1,2020-06-18 14:17:08
1139,1244,3.03,1,2022-05-26 17:30:42
1140,1900,4.32,5,2021-05-08 18:47:34
1141,1901,4.6,1,2024-06-20 03:59:26
1142,886,4.64,4,2020-01-20 09:35:20
1143,1486,3.2,3,2024-03-17 20:15:41
1144,276,3.99,1,2020-08-30 14:22:00
1145,1940,4.09,4,2019-09-07 12:11:15
1146,1445,4.06,21,2022-12-11 08:28:12
1147,936,3.5,4,2022-08-25 23:07:50
1148,682,3.47,36,2020-12-01 03:06:46
1149,1813,3.67,1,2023-12-28 23:56:54
1150,1725,4.58,16,2023-04-04 19:43:09
1151,1456,4.75,14,2023-04-11 19:17:55
1152,1779,4.61,25,2019-07-21 05:48:56
1153,854,4.06,0,2021-05-11 07:34:34
1154,1220,4.17,0,2022-07-28 04:43:32
1155,1554,4.07,1,2022-06-12 18:18:27
1156,1723,3.81,5,2019-02-26 19:32:37
1157,462,3.69,2,2019-11-02 12:43:51
1158,686,4.63,1,2019-05-16 21:40:10
1159,1601,3.36,1,2020-05-15 04:52:14
1160,1462,4.63,20,2022-02-26 20:58:55
1161,1027,3.62,78,2021-05-16 17:12:17
1162,1596,3.16,7,2020-08-02 09:33:40
1163,720,3.49,1,2019-04-02 01:19:58
1164,1854,3.24,14,2022-06-01 06:10:32
1165,1411,3.1,1,2024-03-14 05:53:20
1166,1581,4.49,13,2023-06-29 02:31:27
1167,254,3.85,3,2021-01-14 18:37:47
1168,1609,3.99,5,2019-11-09 04:20:25
1169,483,4.43,1,2024-06-17 04:33:08
1170,983,4.74,22,2022-04-11 07:27:02
1171,761,3.11,3,2019-07-01 14:39:30
1172,1249,3.41,17,2019-07-14 02:59:36
1173,361,5.0,5,2020-09-18 11:41:54
1174,1587,3.21,1,2022-10-19 21:59:33
1175,747,4.1,3,2024-01-14 23:37:17
1176,1167,4.25,2,2019-06-03 18:53:12
1177,1245,3.16,14,2021-05-07 13:43:40
1178,1176,3.06,8,2019-02-11 00:44:08
1179,306,3.42,7,2023-01-15 06:55:31
1180,806,4.63,3,2021-01-17 20:01:55
1181,1638,3.21,11,2023-03-23 04:55:24
1182,857,4.5,1,2024-01-07 02:46:18
1183,921,4.65,15,2023-09-20 15:05:17
1184,1675,3.83,3,2019-11-23 02:33:18
1185,1914,4.77,15,2022-04-20 07:55:43
1186,364,4.77,12,2020-04-28 09:29:16
1187,1966,4.52,3,2022-01-07 06:12:18
1188,1459,4.37,19,2024-03-31 10:51:00
1189,17,4.96,5,2019-06-08 05:30:25
1190,1416,4.44,2,2021-03-13 17:30:06
1191,211,3.2,44,2021-06-04 03:20:11
1192,775,4.69,4,2024-05-30 09:28:48
1193,1570,3.93,5,2023-06-16 15:35:04
1194,971,3.66,12,2022-02-06 22:54:50
1195,489,4.84,16,2024-05-07 06:14:59
1196,1428,3.24,15,2020-10-02 02:56:09
1197,1476,4.92,3,2021-11-24 14:22:50
1198,1877,3.45,3,2023-07-05 23:48:08
1199,1512,3.33,5,2020-01-06 21:36:26
1200,914,3.05,2,2020-06-01 04:44:15
1201,1101,4.12,1,2022-10-10 08:14:23
1202,349,4.05,1,2019-01-11 18:13:42
1203,233,3.94,4,2022-12-24 23:16:02
1204,57,4.2,7,2019-06-24 17:24:59
1205,332,4.43,29,2022-12-24 20:45:05
1206,617,3.22,3,2022-07-14 22:03:26
1207,59,3.21,2,2019-03-27 09:49:51
1208,964,4.11,3,2023-05-10 16:25:19
1209,1161,3.22,1,2024-03-27 12:11:08
1210,1455,3.94,8,2020-04-25 09:57:12
1211,206,3.26,2,2020-09-22 02:03:30
1212,1159,4.35,17,2024-01-02 02:19:19
1213,926,4.27,2,2022-04-08 15:49:33
1214,473,3.5,1,2023-03-04 15:37:13
1215,1093,4.55,1,2023-07-22 15:49:23
1216,1577,3.4,3,2021-11-18 18:20:17
1217,1803,4.68,23,2019-05-06 06:21:23
1218,1927,3.89,4,2022-07-26 11:42:21
1219,928,4.12,1,2019-11-26 11:05:35
1220,191,4.8,1,2019-01-22 16:01:38
1221,1241,3.36,24,2021-06-10 01:03:27
1222,1353,4.09,7,2023-09-02 19:27:45
1223,1209,3.73,1,2021-12-29 07:24:57
1224,307,3.93,2,2023-04-05 00:04:54
1225,1446,3.06,7,2020-06-11 06:58:29
1226,1329,4.3,45,2021-06-29 19:36:39
1227,1420,3.39,2,2020-02-24 06:51:28
1228,1425,3.43,75,2022-05-13 00:49:24
1229,1107,4.93,2,2020-05-19 03:40:22
1230,1381,4.94,4,2020-01-13 14:48:14
1231,611,3.78,65,2019-04-29 05:19:14
1232,1349,4.58,2,2022-04-09 10:48:07
1233,1798,4.2,4,2022-04-03 03:48:01
1234,1173,4.1,1,2022-11-17 09:50:23
1235,991,3.52,4,2023-01-06 22:47:13
1236,413,3.04,5,2022-10-06 17:59:56
1237,1033,4.36,1,2022-01-12 15:06:42
1238,1444,3.13,2,2024-04-09 11:26:35
1239,1451,4.38,19,2021-02-03 00:12:56
1240,1366,4.16,1,2022-02-07 00:17:49
1241,965,4.39,4,2020-03-17 07:05:16
1242,368,3.18,53,2019-06-20 15:02:08
1243,1971,4.47,77,2022-06-17 04:13:37
1244,755,4.79,3,2020-03-27 02:16:19
1245,530,3.78,2,2019-01-14 16:58:09
1246,1402,3.96,16,2019-01-30 23:16:19
1247,1069,3.44,1,2022-02-04 20:13:03
1248,1989,3.09,67,2023-06-12 21:58:31
1249,1863,4.53,5,2020-05-01 08:31:27
1250,1435,3.56,2,2020-10-20 07:00:55
1251,1932,4.41,5,2019-12-16 13:04:21
1252,1685,4.24,1,2020-11-21 03:19:01
1253,1335,4.16,18,2021-06-15 12:28:25
1254,1870,4.08,4,2021-06-28 19:21:18
1255,1200,4.01,13,2020-11-15 17:31:05
1256,1597,3.05,3,2021-07-25 12:05:00
1257,1515,4.83,3,2022-08-13 16:44:17
1258,1017,4.2,1,2019-08-20 18:09:03
1259,265,4.63,3,2021-09-09 23:57:30
1260,830,4.72,12,2019-05-26 13:26:34
1261,1385,3.29,6,2022-02-18 06:30:35
1262,1145,4.82,18,2022-03-17 11:24:24
1263,6,3.95,55,2022-02-07 04:07:16
1264,723,4.53,27,2023-09-05 22:39:48
1265,588,4.98,23,2021-06-22 11:44:32
1266,240,3.81,17,2021-01-31 09:35:49
1267,232,3.46,3,2024-03-24 01:47:34
1268,768,4.73,3,2020-12-23 21:19:20
1269,949,3.62,21,2019-10-09 20:13:03
1270,1004,3.19,2,2021-10-09 09:15:33
1271,34,3.03,8,2020-01-04 03:22:10
1272,196,4.76,1,2021-05-07 22:17:17
1273,244,4.82,0,2022-07-30 19:02:17
1274,692,3.52,1,2020-04-28 00:32:29
1275,1074,3.98,4,2023-12-24 04:15:22
1276,994,4.57,5,2020-01-15 21:49:08
1277,1106,3.64,31,2021-02-05 17:23:33
1278,1114,4.1,3,2021-09-24 03:53:13
1279,116,4.49,2,2019-12-12 09:13:09
1280,50,3.27,1,2019-08-26 05:48:57
1281,848,4.81,1,2023-03-11 16:49:51
1282,197,3.66,4,2019-11-02 23:14:33
1283,1119,3.27,13,2024-01-15 03:14:58
1284,968,3.74,16,2023-10-15 12:27:27
1285,1506,4.0,0,2019-11-02 21:53:13
1286,844,3.68,1,2021-03-17 12:58:48
1287,1822,3.31,3,2024-06-09 19:57:56
1288,945,3.09,94,2024-02-03 15:42:49
1289,1622,3.92,19,2020-12-06 12:31:01
1290,478,4.47,22,2019-02-28 14:21:42
1291,1031,3.31,11,2021-06-28 10:41:38
1292,1168,3.87,23,2022-02-22 23:09:37
1293,43,4.54,18,2022-08-06 18:05:35
1294,522,4.55,1,2022-12-26 18:39:02
1295,11,3.28,3,2022-01-17 14:05:55
1296,86,3.13,26,2019-11-13 02:42:12
1297,259,3.05,5,2020-09-24 11:35:34
1298,810,3.12,3,2023-04-03 13:42:12
1299,1985,3.93,3,2022-01-28 14:51:42
1300,1043,3.77,1,2021-03-29 21:32:04
1301,795,4.51,1,2023-02-02 10:25:20
1302,1844,4.06,3,2024-06-15 04:37:48
1303,514,4.51,1,2023-02-03 21:28:30
1304,362,4.33,0,2019-07-10 03:30:35
1305,1408,3.43,1,2023-02-21 01:11:28
1306,1072,3.64,39,2020-12-10 05:06:46
1307,711,4.06,4,2020-07-30 23:43:10
1308,1235,4.78,1,2021-07-10 05:09:11
1309,124,4.64,7,2021-07-26 09:26:04
1310,1300,4.01,22,2021-10-04 14:52:29
1311,1511,4.41,2,2020-07-16 13:24:03
1312,227,3.77,1,2020-05-18 07:25:12
1313,633,4.13,1,2021-10-29 12:22:46
1314,817,3.52,4,2022-05-10 10:37:35
1315,743,4.37,2,2022-06-05 12:55:53
1316,1415,4.96,1,2022-11-01 19:10:25
1317,614,3.37,13,2023-05-23 18:14:42
1318,165,4.67,3,2019-05-22 23:08:06
1319,740,3.9,23,2022-08-24 15:32:10
1320,246,3.5,2,2019-02-01 22:56:59
1321,980,3.89,4,2022-03-18 01:34:16
1322,953,4.37,12,2020-03-22 19:45:39
1323,496,3.96,3,2019-07-30 00:27:25
1324,758,4.72,75,2020-10-03 15:47:10
1325,222,4.89,14,2020-10-08 23:56:01
1326,1401,4.45,1,2022-05-30 12:16:53
1327,29,3.95,0,2020-03-05 21:06:17
1328,315,3.72,1,2020-01-25 13:02:11
1329,1861,3.44,3,2023-07-02 14:07:46
1330,1230,3.86,4,2023-04-15 17:12:46
1331,1426,4.67,12,2024-03-02 01:38:40
1332,1529,3.1,4,2019-04-04 20:35:12
1333,1621,4.59,1,2023-05-26 07:14:38
1334,1295,4.84,4,2023-06-14 21:14:07
1335,1708,4.99,7,2024-01-12 04:08:51
1336,113,4.36,63,2020-07-01 22:43:14
1337,299,3.12,4,2021-11-05 14:14:51
1338,1886,4.56,1,2021-01-01 02:30:37
1339,1109,3.52,1,2021-12-13 15:14:38
1340,1973,4.58,3,2023-06-19 13:53:06
1341,1773,4.89,53,2024-02-20 12:19:12
1342,1334,4.54,14,2023-01-13 11:47:20
1343,168,3.4,13,2022-07-23 01:17:24
1344,42,4.48,4,2021-10-14 02:37:00
1345,8,4.19,15,2022-10-28 03:36:27
1346,457,3.86,32,2021-03-10 15:04:30
1347,600,4.55,4,2021-09-03 09:42:53
1348,484,3.38,5,2021-09-26 09:22:53
1349,38,3.82,1,2019-06-29 11:52:03
1350,304,4.47,2,2023-04-04 00:59:27
1351,112,4.19,20,2022-12-10 15:37:29
1352,313,4.0,23,2021-11-19 05:44:28
1353,1926,3.69,0,2020-05-08 07:53:02
1354,431,3.87,0,2019-08-28 03:37:49
1355,558,4.17,19,2019-03-27 19:35:23
1356,1730,3.48,0,2023-06-26 05:38:14
1357,1478,3.52,4,2020-07-16 02:56:43
1358,129,3.95,32,2022-06-04 08:11:27
1359,1840,4.5,1,2020-02-09 15:14:34
1360,1320,3.91,2,2020-10-02 18:31:18
1361,449,3.36,1,2020-07-01 00:15:45
1362,1810,3.35,3,2024-06-22 04:13:25
1363,1448,3.29,1,2019-11-17 21:40:13
1364,406,3.21,1,2019-08-22 01:14:40
1365,1002,4.67,5,2022-02-26 15:08:53
1366,76,4.3,16,2023-03-03 16:11:16
1367,1274,3.85,1,2020-01-10 23:26:54
1368,1406,4.94,1,2019-11-28 05:15:54
1369,1688,3.85,1,2019-06-27 17:36:02
1370,1657,4.56,0,2020-05-04 16:35:52
1371,295,4.23,16,2023-08-15 15:34:47
1372,392,3.74,5,2021-06-16 17:40:57
1373,272,3.54,9,2023-09-13 12:25:49
1374,1771,3.81,1,2023-09-16 12:53:29
1375,620,3.47,1,2022-03-10 10:52:57
1376,615,3.35,58,2019-11-18 18:23:32
1377,1332,4.67,10,2023-12-03 14:24:46
1378,420,3.02,4,2023-12-22 00:31:58
1379,1749,4.71,18,2020-07-10 15:58:21
1380,1518,3.37,1,2020-07-13 19:24:22
1381,591,4.49,3,2023-11-02 16:47:20
1382,1663,4.59,1,2019-02-13 05:30:57
1383,1423,3.19,1,2021-04-06 20:55:00
1384,533,3.37,4,2022-05-20 01:17:22
1385,348,3.54,8,2019-08-29 13:45:38
1386,689,3.12,1,2023-08-25 12:05:24
1387,1962,3.05,2,2019-08-10 23:54:41
1388,655,3.9,16,2019-03-02 01:06:38
1389,973,4.84,1,2019-09-07 17:56:43
1390,1382,3.8,3,2020-08-25 19:02:28
1391,1534,3.89,1,2019-05-03 05:13:43
1392,239,4.78,3,2019-02-03 11:50:17
1393,90,4.88,1,2021-06-23 17:50:26
1394,1952,4.17,0,2020-10-10 08:12:08
1395,963,3.37,5,2022-11-26 13:26:31
1396,657,3.37,1,2021-05-18 21:10:57
1397,360,3.75,3,2020-11-26 13:27:39
1398,1745,4.71,2,2022-09-30 19:14:59
1399,1151,3.32,4,2021-05-15 16:41:04
1400,707,4.57,13,2022-09-08 00:03:44
1401,275,4.96,3,2023-09-21 23:14:10
1402,1226,3.01,17,2020-11-21 15:19:21
1403,350,4.92,21,2019-04-12 00:13:09
1404,1481,4.48,2,2021-10-07 00:56:39
1405,1231,3.52,15,2020-04-30 12:36:56
1406,807,4.76,5,2024-03-28 04:03:03
1407,787,4.46,1,2023-09-05 22:04:53
1408,1875,3.65,1,2024-02-19 09:24:15
1409,1535,3.44,1,2024-02-22 18:32:27
1410,402,3.45,2,2022-12-06 10:30:33
1411,1879,4.4,12,2023-03-13 11:51:16
1412,1348,3.36,1,2019-09-28 07:41:07
1413,1502,3.32,2,2023-11-14 23:32:54
1414,1082,3.24,0,2022-04-19 06:47:45
1415,1483,3.44,22,2019-05-29 09:05:41
1416,1452,3.6,1,2023-10-16 20:08:55
1417,1598,4.63,12,2019-07-04 20:37:04
1418,1980,3.25,19,2022-08-30 08:27:39
1419,1887,4.44,4,2022-11-07 01:30:21
1420,661,3.79,16,2021-10-25 18:40:11
1421,1691,4.65,17,2022-11-10 08:09:21
1422,1306,4.73,1,2023-09-15 00:02:28
1423,1279,4.29,1,2022-01-10 17:39:25
1424,1166,4.95,4,2024-01-02 04:49:00
1425,1372,3.98,70,2024-04-20 22:12:42
1426,382,4.5,5,2023-12-27 19:58:11
1427,1959,3.75,14,2022-11-07 07:33:00
1428,1527,4.45,16,2023-04-21 01:09:07
1429,1648,4.72,2,2022-09-13 00:41:45
1430,626,3.6,2,2019-01-09 15:58:44
1431,821,3.84,19,2023-03-19 09:55:57
1432,1717,4.99,40,2022-07-06 11:21:07
1433,1668,4.69,11,2019-03-09 10:05:56
1434,1758,3.34,8,2023-08-23 05:53:21
1435,1644,3.02,19,2019-11-17 21:19:09
1436,39,4.13,2,2020-06-17 15:09:20
1437,280,4.19,2,2020-05-30 10:41:43
1438,1414,3.37,3,2019-08-30 13:46:56
1439,1153,4.81,12,2021-07-18 20:54:33
1440,572,4.76,4,2021-01-10 01:13:35
1441,1591,4.24,1,2021-05-18 08:29:45
1442,1545,3.52,87,2023-11-14 10:54:05
1443,1216,4.83,1,2023-12-22 20:28:30
1444,174,3.45,17,2020-05-02 09:37:50
1445,1762,3.7,1,2020-08-20 20:30:35
1446,922,3.49,1,2020-06-22 11:09:57
1447,1367,3.01,13,2020-06-05 06:02:25
1448,554,3.49,3,2019-07-28 21:27:15
1449,1360,3.08,4,2022-03-08 17:19:20
1450,141,4.81,13,2021-10-26 13:50:16
1451,1089,3.69,83,2019-07-04 11:39:42
1452,676,3.23,1,2020-12-03 21:49:57
1453,675,4.98,0,2021-05-31 08:42:25
1454,916,3.66,11,2019-04-14 17:45:26
1455,1718,3.45,3,2022-06-11 17:34:35
1456,1821,4.16,5,2023-09-19 09:52:01
1457,658,4.62,3,2021-06-03 22:59:22
1458,717,4.39,2,2020-10-08 16:52:55
1459,447,4.25,53,2021-02-02 01:30:21
1460,884,3.39,1,2020-05-18 22:35:55
1461,1080,3.59,71,2021-02-04 04:41:48
1462,1874,3.79,0,2020-05-22 01:55:20
1463,1314,4.18,2,2020-02-15 22:13:19
1464,734,3.01,18,2023-07-28 15:43:11
1465,1287,3.05,60,2023-10-20 07:32:32
1466,1214,4.49,22,2023-07-31 15:27:53
1467,1125,5.0,18,2020-12-17 02:41:13
1468,1012,3.24,34,2021-04-17 04:49:31
1469,1833,4.51,3,2019-10-09 01:37:27
1470,182,3.32,4,2023-12-07 08:05:31
1471,1315,3.12,1,2021-11-01 15:36:51
1472,273,4.5,24,2022-05-05 10:54:59
1473,1628,3.63,5,2024-03-15 13:47:07
1474,1796,4.2,1,2020-02-21 00:06:23
1475,88,4.9,1,2020-01-02 07:35:21
1476,32,3.29,13,2023-03-23 07:14:03
1477,1996,3.8,16,2019-08-22 19:20:31
1478,1859,3.96,0,2021-08-17 23:57:53
1479,847,4.18,17,2021-05-13 06:23:04
1480,598,3.32,4,2019-02-16 06:05:24
1481,1602,3.77,2,2024-01-24 12:36:11
1482,687,4.55,1,2021-04-13 06:34:04
1483,377,4.28,3,2023-10-26 14:39:16
1484,1282,3.41,48,2022-10-24 07:29:44
1485,1393,3.68,22,2019-10-31 19:40:11
1486,1843,4.17,13,2020-07-15 18:16:48
1487,832,3.79,8,2019-08-25 03:58:44
1488,599,4.41,3,2019-11-07 07:11:13
1489,1563,3.96,3,2020-12-22 04:03:24
1490,987,4.45,4,2020-02-03 00:29:13
1491,82,4.89,1,2021-05-01 12:06:05
1492,513,3.95,4,2020-04-14 14:10:15
1493,1969,4.34,1,2023-04-30 11:07:06
1494,1832,4.26,1,2022-05-23 12:53:19
1495,843,3.5,2,2019-11-16 15:42:27
1496,660,4.79,3,2020-03-16 18:22:17
1497,105,4.4,2,2024-04-12 19:00:38
1498,640,3.85,1,2022-10-25 15:43:09
1499,988,4.62,1,2020-12-11 03:18:45
1500,1556,3.05,10,2023-11-10 06:57:08
1501,177,4.19,4,2023-07-15 02:47:53
1502,161,4.8,1,2021-09-06 22:18:17
1503,1388,4.75,65,2021-04-20 08:36:30
1504,1677,3.12,0,2020-05-31 09:54:51
1505,33,4.41,12,2019-07-15 02:18:17
1506,1831,3.71,1,2020-12-16 10:18:08
1507,903,4.72,3,2022-01-06 18:48:40
1508,1215,3.02,4,2019-10-20 07:38:46
1509,193,3.54,7,2020-03-09 15:23:34
1510,1893,3.2,22,2024-06-10 22:28:11
1511,1756,3.21,3,2021-01-08 16:52:41
1512,970,4.33,67,2019-06-03 09:14:48
1513,1378,4.03,79,2022-10-04 01:19:13
1514,1419,3.97,1,2024-01-12 01:00:34
1515,503,3.92,0,2020-03-09 21:37:20
1516,77,3.52,2,2024-02-25 02:42:53
1517,440,4.95,1,2022-03-09 02:26:03
1518,1252,4.38,1,2021-02-19 20:05:47
1519,427,4.72,2,2020-04-21 08:46:18
1520,1738,4.94,40,2023-04-08 18:50:01
1521,1643,4.09,2,2021-03-01 07:22:34
1522,1655,4.26,0,2021-09-25 08:33:16
1523,754,4.4,3,2023-08-04 18:59:43
1524,1701,4.58,63,2024-01-10 05:50:28
1525,631,3.36,4,2019-01-24 01:32:53
1526,538,3.61,1,2023-08-14 04:59:48
1527,1016,3.97,1,2019-05-09 18:32:16
1528,1120,3.86,11,2024-05-23 21:59:51
1529,1154,3.76,9,2023-11-21 03:52:23
1530,226,3.4,1,2020-10-11 05:54:08
1531,1876,4.76,80,2020-06-12 15:42:56
1532,1594,4.18,2,2023-10-01 05:39:53
1533,1748,3.86,16,2019-10-24 00:13:09
1534,1256,3.72,11,2024-04-02 12:58:24
1535,1871,4.89,28,2020-05-30 12:34:29
1536,1883,3.68,0,2023-08-14 17:41:06
1537,1580,4.33,7,2022-09-08 04:31:06
1538,1374,3.55,17,2023-06-03 20:30:43
1539,1931,3.67,9,2023-04-14 04:24:49
1540,1146,4.57,1,2022-01-21 05:39:17
1541,1827,4.47,11,2023-07-06 21:50:56
1542,400,3.38,6,2023-08-10 08:06:46
1543,509,3.34,67,2021-09-23 04:34:38
1544,365,4.4,8,2023-01-24 13:17:05
1545,292,3.27,2,2020-06-18 01:52:26
1546,205,3.04,10,2023-04-28 00:54:56
1547,519,3.53,2,2023-02-07 07:32:27
1548,379,3.25,20,2023-12-21 23:33:29
1549,1892,4.56,2,2022-01-30 23:26:31
1550,864,3.61,68,2020-11-04 06:48:18
1551,1192,4.72,10,2024-06-04 02:28:38
1552,1670,4.75,52,2022-03-05 14:12:25
1553,732,3.16,16,2023-12-25 09:40:03
1554,938,3.78,1,2023-09-22 17:17:24
1555,1671,3.32,82,2020-07-24 07:44:24
1556,786,4.74,1,2019-01-27 18:57:56
1557,659,4.51,5,2023-07-15 20:30:37
1558,1095,3.37,21,2024-05-28 19:58:26
1559,1732,3.81,82,2021-07-20 16:21:18
1560,79,3.89,1,2023-09-13 11:11:47
1561,123,3.82,1,2024-01-04 21:42:34
1562,691,4.52,51,2020-07-14 02:39:30
1563,1919,4.29,2,2019-10-09 14:35:01
1564,923,4.7,1,2020-06-10 16:51:13
1565,656,4.59,20,2021-02-02 07:31:02
1566,831,4.84,72,2019-09-28 21:19:16
1567,1283,3.57,24,2023-11-17 11:37:47
1568,607,3.35,34,2019-02-05 13:22:35
1569,1917,4.58,1,2024-02-25 04:11:57
1570,1780,4.4,4,2022-07-21 03:27:45
1571,1424,3.79,0,2022-10-09 13:06:33
1572,1721,3.08,0,2022-06-27 13:03:20
1573,320,3.8,0,2021-03-25 20:43:51
1574,336,4.84,0,2021-11-30 16:54:12
1575,796,4.66,0,2019-06-13 11:17:23
1576,456,4.93,0,2022-01-27 12:57:56
1577,1312,3.86,0,2020-07-29 02:55:03
1578,683,3.13,0,2021-06-04 14:08:50
1579,942,4.29,0,2019-02-28 07:04:28
1580,435,4.43,0,2024-03-24 06:10:24
1581,1630,3.15,0,2019-09-20 05:29:00
1582,895,4.15,0,2021-02-02 02:01:58
1583,1417,3.74,0,2020-09-15 20:09:05
1584,1177,4.08,0,2020-07-05 21:32:32
1585,126,3.27,0,2021-07-14 11:26:24
1586,1362,4.67,0,2019-10-18 22:45:47
1587,1920,3.17,0,2024-01-13 22:14:13
1588,985,3.44,0,2019-01-18 23:39:38
1589,1867,4.39,0,2022-07-28 11:55:37
1590,1508,4.93,0,2023-07-02 03:53:52
1591,1786,3.29,0,2023-02-18 11:51:54
1592,885,4.32,0,2021-09-22 08:34:41
1593,1096,3.8,0,2022-05-28 11:33:23
1594,595,3.22,0,2022-07-22 15:14:36
1595,875,4.66,0,2019-06-20 13:06:40
1596,1225,3.95,0,2022-09-16 09:01:52
1597,1935,4.74,0,2022-04-29 13:16:50
1598,1880,3.56,0,2023-06-22 08:38:31
1599,597,4.43,0,2022-01-04 19:18:07
1600,652,3.02,0,2023-11-14 12:26:12
